Country,2005 Sales,2006 Sales,2007 Sales,2008 Sales,2009 Sales,2010 Sales,2011 Sales,2012 Sales,2013 Sales,2014 Sales,2015 Sales,2016 Sales,2017 Sales,2018 Sales,2019 Sales,2020 Sales,2021 Sales,2022 Sales,Total Sales,Average Sales,Growth 2005-2006,Growth 2006-2007,Growth 2007-2008,Growth 2008-2009,Growth 2009-2010,Growth 2010-2011,Growth 2011-2012,Growth 2012-2013,Growth 2013-2014,Growth 2014-2015,Growth 2015-2016,Growth 2016-2017,Growth 2017-2018,Growth 2018-2019,Growth 2019-2020,Growth 2020-2021,Growth 2021-2022
China,3971101.0,5175961.0,6297538.0,6755609.0,10331315.0,13757794.0,14472416.0,15495240.0,17927730.0,19707677.0,21210339.0,24376902.0,24718321.0,23709782.0,21472092.0,20177731.0,21481537.0,23563287.0,294602372.0,16366798.444444444,30.34070400123291,21.668961570614616,7.273810813051068,52.92943981808301,33.16595225293199,5.19430658723339,7.0674032587233535,15.698304769722832,9.928457200102857,7.624754556308185,14.929337055857522,1.4005840446829545,-4.080127448785862,-9.437834561279391,-6.028108486122359,6.461608592165294,9.69088012650119
India,1106863.0,1311373.0,1511812.0,1545414.0,1816878.0,2387197.0,2510313.0,2781919.0,2553979.0,2570736.0,2772270.0,2966637.0,3229109.0,3394756.0,2962115.0,2433464.0,3082279.0,3792356.0,44729470.0,2484970.5555555555,18.47654136058392,15.284667291457122,2.222630856217572,17.565778490423924,31.390054808303034,5.157345623339841,10.819606957379419,-8.193624616676475,0.6561134606040222,7.83954478406184,7.011113636117694,8.847459261109465,5.129805156778542,-12.744391644053357,-17.8470788608815,26.66219841345506,23.037401870499068
Japan,4748482.0,4612318.0,4325508.0,4184266.0,3905310.0,4203181.0,3509036.0,4572333.0,4562282.0,4699591.0,4215889.0,4146459.0,4386378.0,4391160.0,4301091.0,3809977.0,3675698.0,3448297.0,75697256.0,4205403.111111111,-2.8675269275528477,-6.218348344585087,-3.265327448244229,-6.666784568667479,7.627333041423088,-16.514753944690938,30.30168399526252,-0.21982213456456473,3.0096561326108295,-10.292427575080469,-1.646864990990038,5.786117745285797,0.1090193321232233,-2.0511436613559972,-11.418358737352918,-3.5244044780322823,-6.186607278399912
Usa,7659983.0,7761592.0,7562334.0,6769107.0,5400890.0,5635432.0,6089403.0,7241900.0,7585341.0,7749432.0,7516826.0,6872729.0,6080229.0,5303580.0,4719710.0,3401838.0,3350050.0,2858575.0,109558951.0,6086608.388888889,1.3264911945627034,-2.5672310525984874,-10.489182308001736,-20.212666161134695,4.342654636550643,8.055655715480198,18.926272411269217,4.742415664397464,2.163264644265828,-3.001587729268416,-8.568736325677886,-11.531081758061463,-12.773351135294412,-11.008978840707599,-27.92273254077051,-1.5223535041939094,-14.670676557066312
Germany,3319259.0,3467961.0,3148163.0,3090040.0,3807175.0,2916259.0,3173634.0,3082504.0,2952431.0,3036773.0,3206042.0,3351607.0,3441262.0,3435778.0,3607258.0,2917678.0,2622132.0,2651357.0,57227313.0,3179295.1666666665,4.479975801828059,-9.221499319052318,-1.8462512900380317,23.20795200062135,-23.400973162515516,8.825519269721928,-2.871471631574403,-4.21971877408756,2.8566967356730775,5.573976059455218,4.5403335327484795,2.6749854621976863,-0.15936014171545207,4.991009314338703,-19.11645909441465,-10.129493384808057,1.1145510599771484
Uk,2439717.0,2344864.0,2404007.0,2131795.0,1994999.0,2030846.0,1941253.0,2044609.0,2264737.0,2476435.0,2633503.0,2692786.0,2540617.0,2367147.0,2311140.0,1631064.0,1647181.0,1614063.0,39510763.0,2195042.388888889,-3.887868961850903,2.5222358311612103,-11.323261537923974,-6.416939715122702,1.7968430059363438,-4.411609742934718,5.32419009783887,10.766263867565877,9.347575457989162,6.342504446916636,2.2511081248056297,-5.650987490279584,-6.827868978283622,-2.366012757129152,-29.42599755964589,0.9881279949775116,-2.010586571846081
Brazil,1439822.0,1632947.0,2085718.0,2341300.0,2643862.0,2856540.0,2901647.0,3115223.0,3040783.0,2794687.0,2123009.0,1676722.0,1856450.0,2101884.0,2262069.0,1615942.0,1558467.0,1576666.0,39623738.0,2201318.777777778,13.413116343548023,27.727231808503277,12.25390968481837,12.922820655191561,8.044217133874612,1.5790781854971399,7.360509393458267,-2.389556060673666,-8.093178631951046,-24.034104713694234,-21.021437026409213,10.719010068454997,13.220609227288643,7.621019999200717,-28.56354072311676,-3.5567489427219536,1.1677501031462327
France,2118042.0,2045745.0,2109672.0,2091369.0,2302398.0,2251669.0,2204229.0,1898760.0,1790456.0,1795885.0,1917226.0,2015177.0,2110748.0,2173481.0,2214280.0,1650126.0,1659005.0,1532035.0,35880303.0,1993350.1666666667,-3.4133884030628288,3.1248762675700053,-0.8675756231300411,10.090471839259356,-2.2033115039189575,-2.1068816064883427,-13.858315084322001,-5.7039330931766,0.30321884480825,6.756613034798999,5.1089960182054694,4.7425610752802365,2.9720743546837425,1.8771270602319508,-25.47798833029247,0.5380801223664132,-7.653382599811333
South Korea,893159.0,932650.0,1010790.0,1017595.0,1221118.0,1237482.0,1293501.0,1256403.0,1243868.0,1359834.0,1533670.0,1533813.0,1526660.0,1525150.0,1497035.0,1618333.0,1468873.0,1420486.0,23590420.0,1310578.888888889,4.421497180233307,8.37827695276899,0.6732357858704577,20.00039308369243,1.3400834317404215,4.526853723932954,-2.8680302527790857,-0.9976894356349038,9.323014982297156,12.78361917704661,0.009324039721713275,-0.46635411226792317,-0.09890872885907798,-1.8434252368619481,8.10254937259316,-9.235429296689865,-3.294158174328209
Italy,2244108.0,2335462.0,2494115.0,2161359.0,2159465.0,1961580.0,1749740.0,1403010.0,1304648.0,1360578.0,1575737.0,1824968.0,1970497.0,1910025.0,1916949.0,1381496.0,1456674.0,1316919.0,32527330.0,1807073.888888889,4.070837945410827,6.793216930954133,-13.34164623523775,-0.08763005127792282,-9.16361228359802,-10.79945758011399,-19.816086961491422,-7.010783957348843,4.2869800896487025,15.813793843498866,15.816789223074663,7.974331604718548,-3.0688704423300317,0.3625083441316213,-27.932563672794636,5.441781952318356,-9.594116459825603
Spain,1528877.0,1634608.0,1614835.0,1161176.0,952772.0,982015.0,808051.0,699589.0,722689.0,890125.0,1094077.0,1147007.0,1234932.0,1321438.0,1258249.0,851213.0,859476.0,813374.0,19574503.0,1087472.388888889,6.915598834961871,-1.2096478177030823,-28.09321076147099,-17.947666848091934,3.069254763993904,-17.715004353293992,-13.422667628652151,3.30193870972814,23.168472192049418,22.91273697514394,4.837867901436553,7.665602738257046,7.004920108961466,-4.781836151223137,-32.3493998405721,0.9707323548864973,-5.3639659513471
Indonesia,364319.0,222387.0,314769.0,425267.0,359367.0,541475.0,602291.0,780785.0,880032.0,863268.0,755566.0,834920.0,833681.0,878595.0,785539.0,388925.0,659809.0,783563.0,11274558.0,626364.3333333334,-38.958165783283334,41.54109727636957,35.104473439252274,-15.496147126393536,50.674658496745664,11.231543469227573,29.63584048242461,12.71118169534507,-1.904930729791644,-12.47607927086374,10.502590111254344,-0.14839745125281464,5.387432363218066,-10.591455676392423,-50.4894091827395,69.64941826830365,18.75603394315628
Australia,608804.0,598394.0,637019.0,596765.0,540562.0,592122.0,559314.0,576855.0,566454.0,531596.0,924154.0,927274.0,915658.0,873713.0,799263.0,676804.0,753256.0,777688.0,12455695.0,691983.0555555555,-1.7099099217482145,6.454777287205419,-6.319120779756962,-9.417945087262156,9.538221332613094,-5.540750048131972,3.1361632285263736,-1.8030527602257065,-6.153721220081419,73.84517565971151,0.337606069984007,-1.2527041629550704,-4.580858792256497,-8.521104756367366,-15.321489922591185,11.296032529358573,3.243518803700203
Russia,1520225.0,1911240.0,2514920.0,2897459.0,1465742.0,1912794.0,2653688.0,2755384.0,2649181.0,2333067.0,1282740.0,1239680.0,1448700.0,1606676.0,1567809.0,1433956.0,1483444.0,629923.0,33306628.0,1850368.2222222222,25.72086368794093,31.585776773194368,15.21078205270943,-49.41284760198505,30.50004707513328,38.73360121372192,3.832251568383321,-3.8543810953391615,-11.932518012170554,-45.0191529004525,-3.356876685844364,16.860802787816212,10.90467315524263,-2.4190938309901933,-8.537583340827869,3.451151918189958,-57.536448966054664
Turkey,438597.0,373219.0,357465.0,305998.0,369819.0,509784.0,593519.0,556280.0,664655.0,587331.0,725596.0,756938.0,722759.0,486321.0,387256.0,610109.0,561853.0,592660.0,9600159.0,533342.1666666666,-14.90616670884662,-4.221114144778267,-14.397773208565873,20.8566722658318,37.846892669116514,16.425584168981374,-6.274272601214115,19.482095347666643,-11.633704703944153,23.541239948172326,4.31948356936918,-4.515429268975795,-32.71325573254708,-20.370290404897176,57.54668746255707,-7.909406351979728,5.4831067912781455
Malaysia,410892.0,374169.0,442885.0,497459.0,486342.0,543594.0,535113.0,552189.0,576657.0,588348.0,591275.0,514545.0,514680.0,533201.0,550182.0,480965.0,452663.0,544838.0,9189997.0,510555.3888888889,-8.937385006279023,18.364963425617837,12.322386172482698,-2.2347570352531565,11.771962939659746,-1.5601717458250093,3.1911016925397067,4.431091528444065,2.027375025361697,0.4974946800193083,-12.977041139909517,0.02623677229396846,3.5985466697753945,3.1847277105631835,-12.580746007684729,-5.884419864231285,20.362830626757656
Saudi Arabia,407000.0,399300.0,403600.0,400000.0,390000.0,450000.0,460000.0,540000.0,570000.0,632700.0,672300.0,549400.0,424216.0,340218.0,460373.0,387709.0,475837.0,519485.0,8482138.0,471229.8888888889,-1.891891891891892,1.076884547958928,-0.8919722497522299,-2.5,15.384615384615385,2.2222222222222223,17.391304347826086,5.555555555555555,11.0,6.258890469416785,-18.280529525509444,-22.785584273753184,-19.800761876025422,35.31706141356425,-15.783723198363067,22.73044989928013,9.172889035531075
Mexico,714010.0,680946.0,641394.0,589045.0,439120.0,503748.0,592101.0,649333.0,698217.0,745250.0,892194.0,1065912.0,984262.0,883043.0,764175.0,532097.0,520112.0,486962.0,12381921.0,687884.5,-4.63074746852285,-5.808390092606462,-8.161753929721826,-25.452215026016688,14.717617052286391,17.539126706210247,9.66591848350197,7.52834062029806,6.736157956623801,19.717410265011743,19.470877410070006,-7.660107025720697,-10.283745588064965,-13.461179127177273,-30.369745149998362,-2.2524088653008754,-6.373627218752883
Poland,207007.0,224728.0,277427.0,319190.0,276220.0,315855.0,277427.0,272719.0,289913.0,327709.0,354975.0,416123.0,486352.0,531889.0,555598.0,428347.0,446647.0,419749.0,6427875.0,357104.1666666667,8.560580077002227,23.45012637499555,15.05368979947878,-13.462201196779347,14.349069582217073,-12.166342150670403,-1.6970230006452147,6.304657907956542,13.037014552641654,8.320186506931455,17.226001831114868,16.876981084919603,9.362971674836333,4.457508991537708,-22.903430177934407,4.272237228228516,-6.022205455314824
Taiwan,325840.0,218610.0,213327.0,141161.0,187262.0,208300.0,235205.0,211578.0,211824.0,235480.0,212236.0,206092.0,399885.0,389328.0,159492.0,191337.0,382000.0,375841.0,4504798.0,250266.55555555556,-32.90878958998281,-2.4166323589954715,-33.82881679299854,32.65845382223135,11.234527026305392,12.916466634661546,-10.045279649667311,0.1162691773246746,11.167761915552536,-9.870901987429932,-2.8948905934902656,94.03227684723328,-2.640009002588244,-59.03402786339539,19.96651869686254,99.64774194222758,-1.6123036649214657
Belgium,480088.0,526141.0,524795.0,535947.0,476194.0,547340.0,572211.0,486737.0,486065.0,482939.0,501066.0,539519.0,546558.0,549632.0,550008.0,424492.0,383123.0,366333.0,8979188.0,498843.77777777775,9.592616353668495,-0.25582495946903966,2.1250202460008194,-11.149050185932564,14.940549439934145,4.543976321847481,-14.937496832462152,-0.13806223895039826,-0.643123862034913,3.753476111889907,7.674238523467966,1.3046806507277777,0.5624288730564735,0.06840940847694457,-22.820758970778606,-9.745531128972985,-4.382404606353573
South Africa,419868.0,481558.0,434653.0,329262.0,258129.0,337130.0,396292.0,440002.0,450561.0,439264.0,412670.0,361289.0,361289.0,365242.0,355378.0,247571.0,304340.0,363696.0,6758194.0,375455.22222222225,14.692712947878858,-9.740259740259742,-24.247158077823,-21.603768427574394,30.60524001565109,17.548720078308072,11.029745743037962,2.399761819264458,-2.507318653855971,-6.054217964595323,-12.45086873288584,0.0,1.0941379338977937,-2.700675168792198,-30.33586772394464,22.93039168561746,19.503187224814354
Thailand,178291.0,184544.0,172321.0,226805.0,230037.0,346644.0,360441.0,660214.0,631225.0,369826.0,356063.0,328053.0,665871.0,729709.0,468638.0,343494.0,312200.0,343349.0,6907725.0,383762.5,3.5071876875445196,-6.623352696375933,31.617736665873576,1.4250126760873878,50.690541086868635,3.980164087651885,83.16839649207498,-4.390849027739491,-41.41138262901501,-3.721479831055686,-7.866585407638536,102.97665316275113,9.587142254280485,-35.77741263983314,-26.70376708674926,-9.11049392420246,9.977258167841127
Netherlands,465196.0,483999.0,504300.0,499980.0,387699.0,482531.0,555812.0,502544.0,416717.0,387569.0,449350.0,382825.0,414306.0,443531.0,446057.0,357996.0,324336.0,313609.0,7818357.0,434353.1666666667,4.041952209391311,4.19443015378131,-0.8566329565734683,-22.457098283931355,24.460212690772998,15.186796288735854,-9.5838161104834,-17.07850456875418,-6.994675043254775,15.940645407656442,-14.804717925892957,8.223339646052374,7.053964943785511,0.569520507022057,-19.742095741127255,-9.402339690946269,-3.3073726012530216
Chile,140000.0,140000.0,180000.0,181523.0,130753.0,212336.0,245116.0,257013.0,286588.0,256160.0,212023.0,228909.0,276785.0,315326.0,260683.0,194128.0,304045.0,313589.0,4134977.0,229720.94444444444,0.0,28.57142857142857,0.8461111111111111,-27.96890752136093,62.39474428884997,15.437796699570491,4.853620326702459,11.507200024901463,-10.617332198138094,-17.2302467207995,7.964230295769799,20.91486136412286,13.924526256841954,-17.32904993562218,-25.531008926550637,56.620889310145884,3.1390090282688417
Sweden,274301.0,282766.0,306794.0,253982.0,213408.0,289684.0,304984.0,279899.0,269599.0,303948.0,345108.0,372318.0,379393.0,353729.0,356036.0,292024.0,301006.0,288087.0,5467066.0,303725.8888888889,3.0860259350129966,8.497485553425802,-17.214156730574913,-15.975147845122883,35.7418653471285,5.281617210477624,-8.2250216404795,-3.679898820646019,12.740774261032126,13.541790043033677,7.88448833408672,1.9002573069258,-6.764489592586052,0.6521941938602716,-17.979080767113437,3.075774593868997,-4.291941024431407
Vietnam,24888.0,23335.0,40115.0,50877.0,62722.0,57778.0,64564.0,44070.0,59857.0,79813.0,117288.0,159501.0,152799.0,197752.0,229539.0,215908.0,207693.0,283352.0,2071851.0,115102.83333333333,-6.2399549983928,71.90914934647526,26.827869874111926,23.281640033807026,-7.882401709129174,11.74495482709682,-31.7421473266836,35.82255502609485,33.339459044055,46.953503815167956,35.99089420912625,-4.201854533827374,29.419695155073004,16.074173712528825,-5.93842440718135,-3.8048613298256666,36.428285979787475
Argentina,290648.0,336296.0,422230.0,452539.0,373231.0,522591.0,673853.0,596397.0,684379.0,432696.0,480952.0,525757.0,663550.0,610943.0,282299.0,223438.0,241619.0,260876.0,8074294.0,448571.8888888889,15.705595772205555,25.553084187739373,7.17831513630012,-17.52511938197592,40.018112107515186,28.944623998499786,-11.494495090175453,14.752253951646303,-36.77538323063683,11.152402610608835,9.315898468038391,26.208495559735773,-7.9281139326350685,-53.792907030606784,-20.850587497653198,8.136932840430006,7.969985804096533
Canada,847436.0,858826.0,841585.0,872720.0,729023.0,694349.0,681956.0,748530.0,755615.0,760449.0,712322.0,661088.0,639824.0,577711.0,496846.0,318750.0,320605.0,258483.0,11776118.0,654228.7777777778,1.3440543002657428,-2.007507923607343,3.6995668886684054,-16.465418461820516,-4.756228541486345,-1.784837308039617,9.762213397931832,0.9465218494916704,0.639743784863985,-6.328761034599297,-7.192533713685664,-3.2165158042499633,-9.707825902123083,-13.997483170651071,-35.845312229543964,0.5819607843137254,-19.376491321096054
Israel,130000.0,130000.0,200000.0,170000.0,160000.0,200000.0,210000.0,190000.0,200000.0,228000.0,247300.0,276900.0,271134.0,257465.0,239671.0,202366.0,272646.0,257743.0,3843225.0,213512.5,0.0,53.84615384615385,-15.0,-5.88235294117647,25.0,5.0,-9.523809523809524,5.263157894736842,14.000000000000002,8.464912280701755,11.96926809543065,-2.0823401950162514,-5.041418634328413,-6.911230652710076,-15.565087140288144,34.729154106915196,-5.466062219874856
Philippines,35063.0,38131.0,41107.0,44313.0,46111.0,59623.0,57768.0,64165.0,76822.0,90287.0,116381.0,133188.0,295459.0,252848.0,258555.0,153833.0,180642.0,226403.0,2170699.0,120594.38888888889,8.749964349884493,7.804673362880596,7.799158294207799,4.0575000564168535,29.30320314024853,-3.1112154705398924,11.073604763883118,19.725707161224967,17.52753117596522,28.901170711176583,14.441360703207568,121.83605129591255,-14.421967176494876,2.2570872619122953,-40.50279437643828,17.427340037573213,25.332425460302698
Switzerland,266770.0,269421.0,284674.0,288525.0,266018.0,294239.0,318958.0,328139.0,307885.0,301942.0,323783.0,317318.0,311996.0,299135.0,311466.0,236828.0,238481.0,226006.0,5191584.0,288421.3333333333,0.9937399257787607,5.66139981664384,1.3527754554332325,-7.800710510354389,10.608680615597441,8.40099374997876,2.8784354052884704,-6.172384263985689,-1.93026617081053,7.2335084221473,-1.9967076714960328,-1.6771818806370895,-4.122168232926063,4.122219064970666,-23.963450264234297,0.6979749016163629,-5.23102469379112
Austria,307915.0,308594.0,298182.0,293697.0,319403.0,328563.0,356145.0,336010.0,319035.0,303318.0,308555.0,329604.0,353320.0,341068.0,320381.0,257721.0,239803.0,215050.0,5536364.0,307575.77777777775,0.22051540197781855,-3.3740124564962377,-1.5041149365152826,8.75255790832048,2.867850333278022,8.394737082386026,-5.653596147636496,-5.051932978185173,-4.926418731487141,1.726570793688472,6.821798382784268,7.195301027900147,-3.4676780255858715,-6.06535940047146,-19.5579637993514,-6.952479619433419,-10.3222228245685
Colombia,120000.0,160000.0,200000.0,180000.0,170000.0,250000.0,250000.0,240000.0,238800.0,265100.0,236800.0,215700.0,206336.0,220088.0,220581.0,85282.0,200914.0,208160.0,3667761.0,203764.5,33.33333333333333,25.0,-10.0,-5.555555555555555,47.05882352941176,0.0,-4.0,-0.5,11.013400335008376,-10.675216899283289,-8.910472972972974,-4.34121464997682,6.664857320099256,0.2240013085674821,-61.337558538586734,135.58781454468703,3.6065182117722014
Czechia,151699.0,156686.0,174456.0,182554.0,167708.0,169580.0,173595.0,174009.0,164736.0,192314.0,230857.0,259693.0,271595.0,261437.0,249915.0,202971.0,206876.0,192087.0,3582768.0,199042.66666666666,3.287431031186758,11.341153644869356,4.64185811895263,-8.132388224854017,1.116225821069955,2.367614105436962,0.23848613151300438,-5.329034705101461,16.740724553224553,20.041702632153665,12.490849313644377,4.583103895753832,-3.7401277637659014,-4.407180314951595,-18.783986555428847,1.923920165935035,-7.148726773526171
Pakistan,141326.0,160256.0,159457.0,127863.0,94437.0,130038.0,140184.0,136026.0,121122.0,123950.0,182231.0,177222.0,203314.0,217392.0,162689.0,104387.0,198921.0,188318.0,2769133.0,153840.72222222222,13.39456292543481,-0.49857727635782745,-19.81349203860602,-26.14204265502921,37.69814797166365,7.802334702163982,-2.9661016949152543,-10.956728860658991,2.3348359505292184,47.01976603469141,-2.7487090560881517,14.72277708185214,6.924264930108108,-25.16329947744167,-35.83647327108778,90.56108519260061,-5.330256735085788
Norway,109907.0,109164.0,129195.0,110617.0,98675.0,127754.0,138345.0,137967.0,142151.0,144202.0,150686.0,154603.0,158650.0,147929.0,133964.0,124424.0,176276.0,174329.0,2468838.0,137157.66666666666,-0.6760260947892308,18.34945586457074,-14.37981346027323,-10.795808962456043,29.46947048391183,8.290151384692455,-0.2732299685568687,3.032609247138809,1.4428319181715217,4.49647022926173,2.5994452039340086,2.6176723608209413,-6.757642609517807,-9.440339622386414,-7.121316174494641,41.6736320967016,-1.1045179150877034
Ua Emirates,137000.0,150000.0,135000.0,191544.0,90238.0,136979.0,193268.0,211500.0,206700.0,206700.0,214000.0,166400.0,0.0,0.0,198520.0,129901.0,156780.0,171414.0,2695944.0,149774.66666666666,9.48905109489051,-10.0,41.88444444444445,-52.88915340600593,51.79746891553447,41.093160265442144,9.433532711054081,-2.269503546099291,0.0,3.531688437348815,-22.242990654205606,-100.0,0.0,19852000.0,-34.56528309490228,20.691911532628694,9.334098737083812
Portugal,206488.0,194702.0,201816.0,213389.0,161013.0,223464.0,153404.0,95309.0,105921.0,142826.0,178503.0,207345.0,222129.0,228327.0,223799.0,145417.0,149740.0,156304.0,3209896.0,178327.55555555556,-5.707837743597691,3.653788867089193,5.734431363221945,-24.544845329421854,38.786309180004096,-31.351806107471447,-37.87059007587808,11.134310505828411,34.84200489043721,24.979345497318413,16.157711635098572,7.130145409824205,2.790270518482503,-1.9831206996982396,-35.0233915254313,2.9728298617080533,4.383598236944036
Uzbekistan,28500.0,31100.0,31700.0,43000.0,45000.0,43500.0,48000.0,45000.0,45500.0,46000.0,46000.0,43900.0,46000.0,47500.0,147827.0,146250.0,138377.0,153750.0,1176904.0,65383.555555555555,9.12280701754386,1.929260450160772,35.646687697160885,4.651162790697675,-3.3333333333333335,10.344827586206897,-6.25,1.1111111111111112,1.098901098901099,0.0,-4.565217391304348,4.783599088838269,3.260869565217391,211.21473684210525,-1.0667875286652642,-5.383247863247863,11.109505192336877
Denmark,148819.0,156936.0,162686.0,150199.0,112454.0,153858.0,170036.0,170763.0,182086.0,189055.0,207717.0,222924.0,221821.0,218566.0,225581.0,198130.0,185324.0,148293.0,3225248.0,179180.44444444444,5.454276671661549,3.66391395218433,-7.675522171545185,-25.12999420768447,36.818610276201824,10.514890353442786,0.4275565174433649,6.630827521184332,3.8273123688806385,9.871201502208352,7.321018501133754,-0.49478746119753814,-1.467399389597919,3.2095568386665816,-12.16902132715078,-6.46343309948014,-19.981761671451082
Morocco,56183.0,75295.0,90941.0,102095.0,93761.0,91119.0,99727.0,117818.0,108177.0,109649.0,120875.0,152324.0,155306.0,163223.0,148354.0,117046.0,154284.0,143265.0,2099442.0,116635.66666666667,34.017407400815195,20.779600239059697,12.265094951671964,-8.162985454723541,-2.8178027111485586,9.446986907231203,18.14052362950856,-8.182960158889134,1.3607328729766954,10.238123466698283,26.01778697001034,1.9576691788555973,5.097678132203521,-9.109623031067926,-21.103576580341617,31.814842027920648,-7.142023800264448
Egypt,94538.0,132373.0,179149.0,203729.0,158926.0,192848.0,210300.0,222700.0,220000.0,273500.0,258400.0,214800.0,100533.0,145873.0,127443.0,167792.0,215072.0,133857.0,3251833.0,180657.38888888888,40.020943959042924,35.33651122207701,13.720422664932542,-21.99146905938772,21.344525124900898,9.04961420393263,5.896338563956252,-1.21239335428828,24.31818181818182,-5.521023765996344,-16.873065015479877,-53.19692737430167,45.09961903056708,-12.634277762162977,31.660428583759014,28.177743873367028,-37.761772801666424
Romania,214967.0,247411.0,312533.0,285506.0,116016.0,94441.0,81709.0,66436.0,57710.0,82809.0,98325.0,115004.0,105083.0,129004.0,161562.0,126351.0,120804.0,127948.0,2543619.0,141312.16666666666,15.09254908892993,26.32138425534839,-8.647726800049915,-59.364776922376414,-18.596572886498414,-13.481432852256964,-18.691943359972583,-13.13444518032392,43.49159591058742,18.73709379415281,16.963132468853292,-8.626656464122986,22.763910432705575,25.23797711698862,-21.794110001114124,-4.390151245340362,5.913711466507731
Peru,14231.0,20061.0,28430.0,55312.0,48775.0,73858.0,93055.0,128295.0,139453.0,140363.0,137039.0,133671.0,134623.0,115441.0,115241.0,81496.0,111436.0,118915.0,1689695.0,93871.94444444444,40.966903239406925,41.717760829470116,94.555047485051,-11.818411917847845,51.42593541773449,25.991767987218715,37.87007683627962,8.697143302544916,0.6525496045262561,-2.3681454514366322,-2.4576945249162647,0.7121963627114333,-14.248679646122877,-0.17324867248204712,-29.282113136817628,36.73799941101404,6.711475645213397
New Zealand,77825.0,76804.0,77454.0,73397.0,54404.0,62029.0,63471.0,76871.0,82433.0,90131.0,94964.0,102514.0,107951.0,107674.0,103610.0,80433.0,111299.0,116334.0,1559598.0,86644.33333333333,-1.3119177642145838,0.8463100880162491,-5.237947685077595,-25.877079444663952,14.015513565179031,2.32471908300956,21.112003907296245,7.235498432438761,9.338493079227979,5.362195027238132,7.950381197085211,5.303665840763213,-0.2565979008994822,-3.774355926221743,-22.369462407103562,38.37479641440702,4.523850169363606
Hungary,198982.0,187676.0,171661.0,153278.0,60189.0,43476.0,45094.0,53059.0,56139.0,67476.0,77171.0,96552.0,116265.0,136601.0,157900.0,128021.0,121920.0,111524.0,1982984.0,110165.77777777778,-5.681920977776884,-8.533323387113963,-10.708897186897431,-60.73213377001265,-27.76753227333898,3.721593522863189,17.663103738856613,5.804858742154959,20.194517180569658,14.368071610646748,25.114356429228597,20.416977380064626,17.491076420246852,15.59212597272348,-18.92273590880304,-4.765624389748557,-8.526902887139109
Greece,269728.0,267669.0,279745.0,267295.0,219730.0,141501.0,97680.0,58482.0,58694.0,71218.0,75805.0,78873.0,88083.0,103431.0,114109.0,80977.0,100916.0,105283.0,2479219.0,137734.38888888888,-0.7633616087317594,4.5115422406031325,-4.450481688680763,-17.7949456592903,-35.60233013243526,-30.968685733669727,-40.12899262899263,0.36250470230156284,21.33778580434116,6.4407874413771795,4.047226436250908,11.676999733749192,17.424474643234223,10.3237907397202,-29.035395981035677,24.623041110438766,4.327361369852154
Ireland,171742.0,178484.0,186325.0,151607.0,57453.0,88446.0,89911.0,79498.0,74367.0,96284.0,124804.0,146600.0,131332.0,125557.0,117109.0,88324.0,104669.0,105253.0,2117765.0,117653.61111111111,3.925655925749089,4.393110867080523,-18.633033677713673,-62.103992559710306,53.94496370946686,1.6563779029012053,-11.581452769961405,-6.454250421394249,29.471405327631878,29.62070541315276,17.46418384026153,-10.414733969986358,-4.397252763987452,-6.7284181686405375,-24.5796650983272,18.50572890720529,0.5579493450782944
Ecuador,54342.0,58900.0,58334.0,69556.0,60596.0,90250.0,94297.0,80644.0,74169.0,78495.0,52101.0,44816.0,94635.0,105046.0,97572.0,61746.0,86740.0,100069.0,1362308.0,75683.77777777778,8.387619152773178,-0.9609507640067911,19.237494428635102,-12.881706826154465,48.93722357911413,4.484210526315789,-14.47872148636754,-8.029115619264918,5.832625490434009,-33.625071660615326,-13.982457150534538,111.16342377722242,11.001215195223754,-7.114978200026655,-36.71750092239577,40.47873546464548,15.36661286603643
Kazakhstan,39800.0,39000.0,39400.0,39000.0,40000.0,24000.0,38348.0,86959.0,153664.0,151424.0,81500.0,86707.0,41915.0,52836.0,77324.0,100595.0,0.0,97169.0,1189641.0,66091.16666666667,-2.0100502512562812,1.0256410256410255,-1.015228426395939,2.564102564102564,-40.0,59.78333333333333,126.76280379680817,76.70856380593153,-1.4577259475218658,-46.17762045646661,6.388957055214724,-51.65903560266184,26.055111535249907,46.347187523658114,30.095442553411615,-100.0,9716900.0
Kuwait,50000.0,65000.0,70000.0,80000.0,90000.0,90000.0,95000.0,116500.0,125000.0,126300.0,124200.0,95400.0,91251.0,91223.0,98454.0,72648.0,83460.0,93465.0,1657901.0,92105.61111111111,30.0,7.6923076923076925,14.285714285714285,12.5,0.0,5.555555555555555,22.63157894736842,7.296137339055794,1.04,-1.66270783847981,-23.18840579710145,-4.349056603773585,-0.030684595237312467,7.92672900474661,-26.21122554695594,14.882722167162207,11.987778576563624
Finland,148161.0,145700.0,125608.0,139669.0,90574.0,111968.0,126123.0,111251.0,103455.0,106237.0,108819.0,118991.0,120480.0,120480.0,114202.0,96392.0,98481.0,81674.0,2068265.0,114903.61111111111,-1.6610309055689418,-13.789979409746053,11.194350678300745,-35.15096406503949,23.62046503411575,12.642004858531008,-11.791663693378686,-7.007577459977887,2.689091875694747,2.4304150154842477,9.347632306858177,1.2513551445067275,0.0,-5.21082337317397,-15.595173464562793,2.1671922981160265,-17.06623612676557
Slovakia,56916.0,59084.0,59700.0,70040.0,74717.0,64033.0,68203.0,69268.0,65998.0,72237.0,77968.0,88165.0,96105.0,98080.0,101568.0,76305.0,75700.0,78841.0,1352928.0,75162.66666666667,3.8091222151943214,1.0425834405253538,17.31993299832496,6.6776127926898905,-14.299289318361282,6.512267112270235,1.5615148893743678,-4.720794594906739,9.453316767174764,7.933607431094868,13.078442437923252,9.0058413202518,2.055043962332865,3.556280587275693,-24.872991493383743,-0.7928707162047047,4.1492734478203435
Croatia,70541.0,78775.0,82664.0,88265.0,44918.0,38587.0,41561.0,31360.0,27802.0,33962.0,35715.0,44106.0,50769.0,60041.0,62977.0,36057.0,44929.0,42955.0,915984.0,50888.0,11.672644277795891,4.936845445890194,6.7756217942514265,-49.110066277686514,-14.094572331804622,7.707258921398398,-24.54464522027863,-11.345663265306122,22.15667937558449,5.161651257287557,23.494330113397734,15.10678819208271,18.263113317181745,4.889991838910078,-42.74576432665894,24.6054857586599,-4.393598789200738
Ukraine,258395.0,361549.0,500357.0,599985.0,170085.0,169540.0,207453.0,237602.0,213322.0,97020.0,46546.0,65562.0,82330.0,81877.0,88437.0,85450.0,103262.0,37891.0,3406663.0,189259.05555555556,39.921051103930026,38.39258302470758,19.911383272343546,-71.65179129478237,-0.3204280212834759,22.362274389524597,14.532930350489027,-10.218769202279441,-54.51945884625121,-52.02432488146774,40.85420873974133,25.575790854458376,-0.5502247054536621,8.012018027040561,-3.3775455974309394,20.844938560561733,-63.30595959791599
Bulgaria,25956.0,36455.0,43521.0,45143.0,22869.0,16257.0,19250.0,19419.0,19352.0,23500.0,23500.0,26370.0,33265.0,37506.0,35371.0,22368.0,24537.0,28684.0,503323.0,27962.38888888889,40.44922175990137,19.382800713208066,3.7269364214976672,-49.34098309815475,-28.91250163977437,18.410530848249984,0.8779220779220779,-0.3450229157011174,21.434477056634975,0.0,12.212765957446809,26.14713689799014,12.749135728242896,-5.692422545726017,-36.76175397924853,9.696888412017167,16.901006643028897
Albania,800.0,800.0,1600.0,1600.0,1000.0,1600.0,2100.0,2300.0,2300.0,2500.0,2500.0,2500.0,1370.0,2175.0,3005.0,0.0,0.0,0.0,28150.0,1563.888888888889,0.0,100.0,0.0,-37.5,60.0,31.25,9.523809523809524,0.0,8.695652173913043,0.0,0.0,-45.2,58.75912408759124,38.160919540229884,-100.0,0.0,0.0
Algeria,71046.0,81803.0,97239.0,111753.0,131259.0,97765.0,165415.0,188990.0,222710.0,178200.0,177517.0,85300.0,97983.0,123698.0,118689.0,0.0,0.0,0.0,1949367.0,108298.16666666667,15.140894631647104,18.869723604268792,14.92610989417826,17.454564978121393,-25.51748832461012,69.19654273001585,14.252032766073212,17.842213873749934,-19.985631538772395,-0.38327721661055,-51.94826410991623,14.868698710433764,26.244348509435312,-4.049378324629339,-100.0,0.0,0.0
Angola,6000.0,8000.0,3500.0,3500.0,10000.0,20000.0,10000.0,17000.0,20000.0,24000.0,14700.0,5600.0,2875.0,1825.0,2080.0,0.0,0.0,0.0,149080.0,8282.222222222223,33.33333333333333,-56.25,0.0,185.71428571428572,100.0,-50.0,70.0,17.647058823529413,20.0,-38.75,-61.904761904761905,-48.660714285714285,-36.52173913043478,13.972602739726028,-100.0,0.0,0.0
Armenia,11000.0,12000.0,6000.0,4000.0,4000.0,4000.0,4000.0,5000.0,5000.0,5200.0,2300.0,2500.0,2200.0,1200.0,970.0,0.0,0.0,0.0,69370.0,3853.8888888888887,9.090909090909092,-50.0,-33.33333333333333,0.0,0.0,0.0,25.0,0.0,4.0,-55.769230769230774,8.695652173913043,-12.0,-45.45454545454545,-19.166666666666668,-100.0,0.0,0.0
Azerbaijan,12100.0,13000.0,15000.0,15000.0,10000.0,13000.0,10000.0,14000.0,21000.0,23300.0,9100.0,4300.0,1700.0,3200.0,6046.0,0.0,0.0,0.0,170746.0,9485.888888888889,7.43801652892562,15.384615384615385,0.0,-33.33333333333333,30.0,-23.076923076923077,40.0,50.0,10.952380952380953,-60.94420600858369,-52.74725274725275,-60.46511627906976,88.23529411764706,88.9375,-100.0,0.0,0.0
Bahamas,2500.0,2000.0,2000.0,2000.0,3500.0,2000.0,2000.0,2500.0,2000.0,1600.0,2800.0,2700.0,1332.0,1332.0,1332.0,0.0,0.0,0.0,31596.0,1755.3333333333333,-20.0,0.0,0.0,75.0,-42.857142857142854,0.0,25.0,-20.0,-20.0,75.0,-3.571428571428571,-50.66666666666667,0.0,0.0,-100.0,0.0,0.0
Bahrain,18000.0,18000.0,20000.0,30000.0,28000.0,29000.0,26000.0,40000.0,43500.0,49600.0,47700.0,39200.0,32439.0,31855.0,26372.0,0.0,0.0,0.0,479666.0,26648.11111111111,0.0,11.11111111111111,50.0,-6.666666666666667,3.571428571428571,-10.344827586206897,53.84615384615385,8.75,14.022988505747128,-3.8306451612903225,-17.81970649895178,-17.247448979591837,-1.8003021054903048,-17.212368544969394,-100.0,0.0,0.0
Bangladesh,6500.0,9000.0,12000.0,17000.0,21500.0,20700.0,20800.0,24600.0,24000.0,29300.0,28500.0,15400.0,2500.0,2750.0,3000.0,0.0,0.0,0.0,237550.0,13197.222222222223,38.46153846153847,33.33333333333333,41.66666666666667,26.47058823529412,-3.7209302325581395,0.4830917874396135,18.269230769230766,-2.4390243902439024,22.083333333333332,-2.7303754266211606,-45.96491228070175,-83.76623376623377,10.0,9.090909090909092,-100.0,0.0,0.0
Belarus,9000.0,13000.0,20000.0,22000.0,12000.0,15000.0,15000.0,20000.0,19600.0,22300.0,22400.0,20200.0,30659.0,48315.0,56592.0,0.0,0.0,0.0,346066.0,19225.88888888889,44.44444444444444,53.84615384615385,10.0,-45.45454545454545,25.0,0.0,33.33333333333333,-2.0,13.77551020408163,0.4484304932735426,-9.821428571428571,51.77722772277228,57.58831012100851,17.131325675256132,-100.0,0.0,0.0
Belize,100.0,200.0,100.0,200.0,150.0,100.0,100.0,200.0,200.0,200.0,400.0,400.0,374.0,348.0,348.0,0.0,0.0,0.0,3420.0,190.0,100.0,-50.0,100.0,-25.0,-33.33333333333333,0.0,100.0,0.0,0.0,100.0,0.0,-6.5,-6.951871657754011,0.0,-100.0,0.0,0.0
Bolivia,1000.0,1500.0,1500.0,1500.0,1000.0,8000.0,9500.0,14000.0,13900.0,18500.0,12800.0,16900.0,21807.0,22612.0,20319.0,0.0,0.0,0.0,164838.0,9157.666666666666,50.0,0.0,0.0,-33.33333333333333,700.0,18.75,47.368421052631575,-0.7142857142857143,33.093525179856115,-30.810810810810814,32.03125,29.035502958579883,3.691475214380704,-10.140633292057315,-100.0,0.0,0.0
Bosnia & Herz.,10000.0,10000.0,15000.0,13000.0,12000.0,10000.0,10000.0,10000.0,9800.0,8900.0,8700.0,9400.0,21807.0,22612.0,10038.0,0.0,0.0,0.0,181257.0,10069.833333333334,0.0,50.0,-13.333333333333334,-7.6923076923076925,-16.666666666666664,0.0,0.0,-2.0,-9.183673469387756,-2.247191011235955,8.045977011494253,131.98936170212764,3.691475214380704,-55.607641960021226,-100.0,0.0,0.0
Botswana,12905.0,13073.0,16538.0,20037.0,19354.0,20972.0,25204.0,31471.0,31122.0,26500.0,3400.0,3500.0,3500.0,3531.0,1050.0,0.0,0.0,0.0,232157.0,12897.611111111111,1.3018209996125532,26.5050103266274,21.157334623291813,-3.4086939162549283,8.360028934587167,20.179286667938204,24.86510077765434,-1.1089574528931396,-14.851230640704324,-87.16981132075472,2.941176470588235,0.0,0.8857142857142857,-70.26338147833475,-100.0,0.0,0.0
Brunei,15000.0,15000.0,10000.0,15000.0,10000.0,10000.0,15000.0,15000.0,14700.0,18100.0,13900.0,13400.0,12052.0,12200.0,10949.0,0.0,0.0,0.0,200301.0,11127.833333333334,0.0,-33.33333333333333,50.0,-33.33333333333333,0.0,50.0,0.0,-2.0,23.12925170068027,-23.204419889502763,-3.597122302158273,-10.059701492537314,1.228011948224361,-10.254098360655737,-100.0,0.0,0.0
Burkina Faso,500.0,500.0,500.0,600.0,550.0,700.0,500.0,500.0,700.0,700.0,1100.0,1800.0,376.0,537.0,537.0,0.0,0.0,0.0,10100.0,561.1111111111111,0.0,0.0,20.0,-8.333333333333332,27.27272727272727,-28.57142857142857,0.0,40.0,0.0,57.14285714285714,63.63636363636363,-79.11111111111111,42.819148936170215,0.0,-100.0,0.0,0.0
Burma,1000.0,1000.0,1000.0,1200.0,1500.0,1800.0,1800.0,2100.0,2000.0,1000.0,1000.0,1300.0,2113.0,4531.0,7167.0,0.0,0.0,0.0,30511.0,1695.0555555555557,0.0,0.0,20.0,25.0,20.0,0.0,16.666666666666664,-4.761904761904762,-50.0,0.0,30.0,62.53846153846154,114.43445338381449,58.17700286912382,-100.0,0.0,0.0
Burundi,500.0,500.0,600.0,700.0,700.0,300.0,200.0,210.0,210.0,200.0,200.0,400.0,14.0,10.0,10.0,0.0,0.0,0.0,4754.0,264.1111111111111,0.0,20.0,16.666666666666664,0.0,-57.14285714285714,-33.33333333333333,5.0,0.0,-4.761904761904762,0.0,100.0,-96.5,-28.57142857142857,0.0,-100.0,0.0,0.0
Cambodia,1000.0,1000.0,1500.0,1500.0,1500.0,1500.0,2000.0,2000.0,2000.0,2400.0,1000.0,800.0,838.0,811.0,1275.0,0.0,0.0,0.0,21124.0,1173.5555555555557,0.0,50.0,0.0,0.0,0.0,33.33333333333333,0.0,0.0,20.0,-58.333333333333336,-20.0,4.75,-3.221957040572793,57.21331689272503,-100.0,0.0,0.0
Cameroon,1300.0,1400.0,1400.0,1400.0,1400.0,1400.0,1400.0,1900.0,2400.0,2300.0,1700.0,1900.0,1538.0,1529.0,1529.0,0.0,0.0,0.0,24496.0,1360.888888888889,7.6923076923076925,0.0,0.0,0.0,0.0,0.0,35.714285714285715,26.31578947368421,-4.166666666666666,-26.08695652173913,11.76470588235294,-19.05263157894737,-0.5851755526657998,0.0,-100.0,0.0,0.0
Costa Rica,13000.0,15000.0,13000.0,15000.0,12000.0,20000.0,30000.0,30000.0,29800.0,35200.0,41800.0,48300.0,41330.0,33352.0,30825.0,0.0,0.0,0.0,408607.0,22700.38888888889,15.384615384615385,-13.333333333333334,15.384615384615385,-20.0,66.66666666666666,50.0,0.0,-0.6666666666666667,18.120805369127517,18.75,15.550239234449762,-14.43064182194617,-19.303169610452457,-7.576757016071001,-100.0,0.0,0.0
Cuba,2000.0,2000.0,3000.0,3000.0,1500.0,2000.0,3000.0,4000.0,4000.0,4000.0,4000.0,5900.0,4386.0,4470.0,2280.0,0.0,0.0,0.0,49536.0,2752.0,0.0,50.0,0.0,-50.0,33.33333333333333,50.0,33.33333333333333,0.0,0.0,0.0,47.5,-25.661016949152543,1.915184678522572,-48.99328859060403,-100.0,0.0,0.0
Cyprus,17687.0,18639.0,22878.0,22241.0,14981.0,14088.0,13480.0,10123.0,7000.0,8276.0,10344.0,12643.0,13127.0,13135.0,12438.0,0.0,0.0,0.0,211080.0,11726.666666666666,5.382484310510544,22.742636407532594,-2.784334294955853,-32.64241715750191,-5.960883786129097,-4.315729699034639,-24.90356083086053,-30.850538377951196,18.228571428571428,24.9879168680522,22.225444702242847,3.828205331013209,0.06094309438561743,-5.306433193757138,-100.0,0.0,0.0
Domin. Rep.,16000.0,16000.0,18000.0,20000.0,8000.0,15000.0,15000.0,15000.0,14900.0,17400.0,5061.0,4204.0,24.0,108.0,12606.0,0.0,0.0,0.0,177303.0,9850.166666666666,0.0,12.5,11.11111111111111,-60.0,87.5,0.0,0.0,-0.6666666666666667,16.778523489932887,-70.91379310344827,-16.933412369097017,-99.4291151284491,350.0,11572.222222222223,-100.0,0.0,0.0
Dr Congo,0.0,0.0,0.0,0.0,0.0,0.0,0.0,0.0,0.0,0.0,2000.0,1700.0,245.0,309.0,346.0,0.0,0.0,0.0,4600.0,255.55555555555554,0.0,0.0,0.0,0.0,0.0,0.0,0.0,0.0,0.0,200000.0,-15.0,-85.58823529411764,26.122448979591837,11.974110032362459,-100.0,0.0,0.0
El Salvador,4000.0,6000.0,8000.0,10000.0,2000.0,3000.0,3000.0,5000.0,5000.0,5000.0,5400.0,4600.0,7036.0,7501.0,6400.0,0.0,0.0,0.0,81937.0,4552.055555555556,50.0,33.33333333333333,25.0,-80.0,50.0,0.0,66.66666666666666,0.0,0.0,8.0,-14.814814814814813,52.95652173913044,6.60886867538374,-14.678042927609653,-100.0,0.0,0.0
Estonia,19640.0,25363.0,30912.0,24579.0,9946.0,10295.0,17070.0,19424.0,19694.0,20969.0,20347.0,22429.0,25618.0,26297.0,32132.0,0.0,0.0,0.0,324715.0,18039.722222222223,29.139511201629325,21.878326696368728,-20.487189440993788,-59.53456202449245,3.5089483209330385,65.808644973288,13.790275336848271,1.3900329489291599,6.474053011069361,-2.9662835614478515,10.232466702708017,14.218199652235944,2.6504801311577797,22.18884283378332,-100.0,0.0,0.0
Gabon,800.0,1000.0,1200.0,2500.0,2000.0,2000.0,2000.0,3500.0,3000.0,2900.0,1700.0,1700.0,973.0,993.0,1278.0,0.0,0.0,0.0,27544.0,1530.2222222222222,25.0,20.0,108.33333333333333,-20.0,0.0,0.0,75.0,-14.285714285714285,-3.3333333333333335,-41.37931034482759,0.0,-42.76470588235294,2.055498458376156,28.700906344410875,-100.0,0.0,0.0
Georgia,1500.0,2000.0,6000.0,8000.0,1000.0,4000.0,3000.0,4000.0,4000.0,4300.0,3300.0,3400.0,2550.0,2800.0,2804.0,0.0,0.0,0.0,52654.0,2925.222222222222,33.33333333333333,200.0,33.33333333333333,-87.5,300.0,-25.0,33.33333333333333,0.0,7.5,-23.25581395348837,3.0303030303030303,-25.0,9.803921568627452,0.14285714285714285,-100.0,0.0,0.0
Ghana,2500.0,3000.0,3500.0,3500.0,4500.0,4000.0,6000.0,6500.0,6600.0,6900.0,3600.0,4200.0,4066.0,4268.0,3394.0,0.0,0.0,0.0,66528.0,3696.0,20.0,16.666666666666664,0.0,28.57142857142857,-11.11111111111111,50.0,8.333333333333332,1.5384615384615385,4.545454545454546,-47.82608695652174,16.666666666666664,-3.1904761904761907,4.968027545499262,-20.477975632614807,-100.0,0.0,0.0
Guatemala,8100.0,9400.0,12100.0,12800.0,13000.0,14100.0,15000.0,16000.0,15900.0,17300.0,18100.0,16600.0,14349.0,14360.0,13407.0,0.0,0.0,0.0,210516.0,11695.333333333334,16.049382716049383,28.723404255319153,5.785123966942149,1.5625,8.461538461538462,6.382978723404255,6.666666666666667,-0.625,8.80503144654088,4.624277456647398,-8.287292817679557,-13.560240963855422,0.0766603944525751,-6.636490250696379,-100.0,0.0,0.0
Guyana,4085.0,4071.0,4437.0,4357.0,4446.0,4393.0,4719.0,4357.0,4256.0,4248.0,4414.0,0.0,4858.0,5373.0,5450.0,0.0,0.0,0.0,63464.0,3525.777777777778,-0.3427172582619339,8.990420044215181,-1.803020058598152,2.0426899242598116,-1.1920827710301394,7.420896881402231,-7.671116762025854,-2.318108790452146,-0.18796992481203006,3.9077212806026362,-100.0,485800.0,10.601070399341292,1.4330913828401264,-100.0,0.0,0.0
Honduras,4800.0,5600.0,7100.0,8000.0,6000.0,1000.0,1000.0,1000.0,1000.0,1300.0,900.0,800.0,9766.0,10321.0,9508.0,0.0,0.0,0.0,68095.0,3783.0555555555557,16.666666666666664,26.785714285714285,12.676056338028168,-25.0,-83.33333333333334,0.0,0.0,0.0,30.0,-30.76923076923077,-11.11111111111111,1120.75,5.682981773499898,-7.877143687627168,-100.0,0.0,0.0
Hong Kong,27483.0,27877.0,33462.0,35182.0,28797.0,41638.0,44845.0,45283.0,46147.0,48500.0,44261.0,36304.0,37298.0,34596.0,29117.0,0.0,0.0,0.0,560790.0,31155.0,1.4336135065313103,20.034436991067906,5.140158986312833,-18.14848502074925,44.5914504983158,7.70209904414237,0.9766975136581559,1.9080007950003313,5.098923006912692,-8.740206185567011,-17.97745193285285,2.7379903040987217,-7.244356265751514,-15.837090993178402,-100.0,0.0,0.0
Iceland,18060.0,17129.0,15942.0,9033.0,2113.0,3106.0,5038.0,7902.0,7274.0,9536.0,14004.0,18442.0,21324.0,17976.0,11692.0,0.0,0.0,0.0,178571.0,9920.611111111111,-5.155038759689923,-6.929768229318698,-43.338351524275495,-76.60799291486771,46.99479413156649,62.20218931101095,56.847955537911865,-7.94735509997469,31.097058014847402,46.854026845637584,31.690945444158814,15.627372302353324,-15.70061902082161,-34.957721406319536,-100.0,0.0,0.0
Iran,730000.0,850000.0,900000.0,1000000.0,1100000.0,1410403.0,1452965.0,901268.0,691709.0,1106700.0,1055400.0,1320300.0,1361456.0,912563.0,51103.0,0.0,0.0,0.0,14843867.0,824659.2777777778,16.43835616438356,5.88235294117647,11.11111111111111,10.0,28.218454545454545,3.0177190490944787,-37.97042599099083,-23.251574448443748,59.99502681040727,-4.635402548116021,25.09948834565094,3.1171703400742254,-32.97153929322725,-94.40005785901904,-100.0,0.0,0.0
Iraq,2000.0,5000.0,4000.0,20000.0,35000.0,65000.0,71500.0,80000.0,78200.0,61000.0,33500.0,16000.0,16766.0,32309.0,619028.0,0.0,0.0,0.0,1139303.0,63294.61111111111,150.0,-20.0,400.0,75.0,85.71428571428571,10.0,11.888111888111888,-2.25,-21.994884910485936,-45.08196721311475,-52.23880597014925,4.7875,92.7054753668138,1815.961496796558,-100.0,0.0,0.0
Ivory Coast,2000.0,2500.0,2000.0,2500.0,3000.0,3500.0,3500.0,5000.0,4000.0,4300.0,4500.0,4300.0,5552.0,6075.0,7522.0,0.0,0.0,0.0,60249.0,3347.1666666666665,25.0,-20.0,25.0,20.0,16.666666666666664,0.0,42.857142857142854,-20.0,7.5,4.651162790697675,-4.444444444444445,29.116279069767444,9.420028818443804,23.818930041152264,-100.0,0.0,0.0
Jamaica,3000.0,3000.0,3000.0,3000.0,4000.0,2000.0,2000.0,2000.0,2000.0,2300.0,2300.0,2000.0,1887.0,5232.0,5232.0,0.0,0.0,0.0,42951.0,2386.1666666666665,0.0,0.0,0.0,33.33333333333333,-50.0,0.0,0.0,0.0,15.0,0.0,-13.043478260869565,-5.65,177.26550079491255,0.0,-100.0,0.0,0.0
Jordan,10000.0,5000.0,5000.0,9000.0,10500.0,10000.0,11000.0,11500.0,14500.0,15700.0,14700.0,12400.0,12780.0,13166.0,14000.0,0.0,106304.0,0.0,275550.0,15308.333333333334,-50.0,0.0,80.0,16.666666666666664,-4.761904761904762,10.0,4.545454545454546,26.08695652173913,8.275862068965518,-6.369426751592357,-15.646258503401361,3.064516129032258,3.020344287949922,6.3344979492632545,-100.0,10630400.0,-100.0
Kenya,2000.0,3000.0,2000.0,2000.0,5000.0,4000.0,4000.0,2000.0,2500.0,3000.0,2900.0,2400.0,2124.0,2861.0,2307.0,0.0,0.0,0.0,42092.0,2338.4444444444443,50.0,-33.33333333333333,0.0,150.0,-20.0,0.0,-50.0,25.0,20.0,-3.3333333333333335,-17.24137931034483,-11.5,34.69868173258004,-19.363858790632644,-100.0,0.0,0.0
Kyrgyzstan,5000.0,5000.0,5000.0,4000.0,4500.0,4000.0,5000.0,4000.0,4000.0,4000.0,4000.0,1800.0,2000.0,2100.0,1348.0,0.0,0.0,0.0,55748.0,3097.1111111111113,0.0,0.0,-20.0,12.5,-11.11111111111111,25.0,-20.0,0.0,0.0,0.0,-55.00000000000001,11.11111111111111,5.0,-35.80952380952381,-100.0,0.0,0.0
Laos,1000.0,1000.0,1500.0,2000.0,3000.0,4000.0,4000.0,5000.0,6000.0,9800.0,5600.0,4200.0,3410.0,3741.0,4064.0,0.0,0.0,0.0,58315.0,3239.722222222222,0.0,50.0,33.33333333333333,50.0,33.33333333333333,0.0,25.0,20.0,63.33333333333333,-42.857142857142854,-25.0,-18.80952380952381,9.70674486803519,8.63405506549051,-100.0,0.0,0.0
Latvia,10467.0,14234.0,21606.0,22217.0,7515.0,7970.0,13234.0,10665.0,10636.0,12452.0,13765.0,16359.0,16698.0,16878.0,16974.0,0.0,0.0,0.0,211670.0,11759.444444444445,35.989299703831094,51.79148517633835,2.8279181708784598,-66.17455101948958,6.05455755156354,66.04767879548307,-19.41212029620674,-0.2719174871073605,17.07408800300865,10.544490844844203,18.844896476571012,2.072253805244819,1.0779734099892202,0.5687877710629221,-100.0,0.0,0.0
Lebanon,15000.0,15000.0,20000.0,33000.0,32000.0,33000.0,31000.0,35500.0,35500.0,38300.0,38700.0,35600.0,37221.0,33012.0,22086.0,0.0,0.0,0.0,454919.0,25273.277777777777,0.0,33.33333333333333,65.0,-3.0303030303030303,3.125,-6.0606060606060606,14.516129032258066,0.0,7.887323943661972,1.0443864229765014,-8.010335917312661,4.5533707865168545,-11.308132505843476,-33.097055616139585,-100.0,0.0,0.0
Liberia,300.0,200.0,300.0,300.0,200.0,300.0,200.0,210.0,210.0,200.0,200.0,300.0,224.0,80.0,68.0,0.0,0.0,0.0,3292.0,182.88888888888889,-33.33333333333333,50.0,0.0,-33.33333333333333,50.0,-33.33333333333333,5.0,0.0,-4.761904761904762,0.0,50.0,-25.333333333333336,-64.28571428571429,-15.0,-100.0,0.0,0.0
Libya,35000.0,35000.0,36000.0,37000.0,37500.0,38000.0,39000.0,20000.0,30000.0,30000.0,38500.0,31600.0,11000.0,12500.0,16100.0,0.0,0.0,0.0,447200.0,24844.444444444445,0.0,2.857142857142857,2.7777777777777777,1.3513513513513513,1.3333333333333335,2.631578947368421,-48.717948717948715,50.0,0.0,28.333333333333332,-17.92207792207792,-65.18987341772153,13.636363636363635,28.799999999999997,-100.0,0.0,0.0
Lithuania,16602.0,25582.0,32771.0,19831.0,5367.0,6365.0,10980.0,12165.0,12163.0,14503.0,17085.0,20320.0,25836.0,32382.0,43109.0,0.0,0.0,0.0,295061.0,16392.277777777777,54.08986869051922,28.101790321319676,-39.486131030484266,-72.9363118350058,18.59511831563257,72.5058915946583,10.792349726775956,-0.016440608302507192,19.23867466907835,17.80321312831828,18.934738074334213,27.14566929133858,25.336739433348814,33.12642826261503,-100.0,0.0,0.0
Luxembourg,48517.0,50837.0,51332.0,52359.0,47265.0,49726.0,49881.0,50398.0,46624.0,49793.0,46473.0,50561.0,52775.0,52786.0,54938.0,0.0,0.0,0.0,754265.0,41903.61111111111,4.781829049611477,0.9737002576863308,2.0007013169173224,-9.728986420672664,5.206812652068127,0.31170816072074975,1.0364667909624907,-7.488392396523672,6.796928620452985,-6.667603880063462,8.796505497815936,4.378869088823401,0.020843202273803884,4.076838555677642,-100.0,0.0,0.0
Madagascar,930.0,1100.0,1100.0,1000.0,900.0,900.0,1100.0,1200.0,1200.0,1600.0,1200.0,800.0,1199.0,1138.0,1043.0,0.0,0.0,0.0,16410.0,911.6666666666666,18.27956989247312,0.0,-9.090909090909092,-10.0,0.0,22.22222222222222,9.090909090909092,0.0,33.33333333333333,-25.0,-33.33333333333333,49.875,-5.087572977481234,-8.347978910369068,-100.0,0.0,0.0
Malawi,930.0,1100.0,1100.0,1000.0,1000.0,1500.0,1500.0,1000.0,1000.0,1100.0,1200.0,1500.0,569.0,724.0,598.0,0.0,0.0,0.0,15821.0,878.9444444444445,18.27956989247312,0.0,-9.090909090909092,0.0,50.0,0.0,-33.33333333333333,0.0,10.0,9.090909090909092,25.0,-62.06666666666667,27.240773286467483,-17.403314917127073,-100.0,0.0,0.0
Malta,6552.0,6745.0,6240.0,5423.0,5894.0,4056.0,5428.0,5884.0,5749.0,6451.0,7121.0,7333.0,7825.0,8128.0,7621.0,0.0,0.0,0.0,96450.0,5358.333333333333,2.9456654456654454,-7.4870274277242395,-13.092948717948719,8.685229577724506,-31.18425517475399,33.82642998027613,8.400884303610907,-2.294357579877634,12.210819272917028,10.38598666873353,2.9771099564667884,6.709395881630983,3.8722044728434506,-6.237696850393701,-100.0,0.0,0.0
Mauritius,2900.0,3500.0,4000.0,4000.0,3000.0,4000.0,3000.0,7000.0,7500.0,8600.0,8000.0,8700.0,8753.0,8288.0,7722.0,0.0,0.0,0.0,88963.0,4942.388888888889,20.689655172413794,14.285714285714285,0.0,-25.0,33.33333333333333,-25.0,133.33333333333331,7.142857142857142,14.666666666666666,-6.976744186046512,8.75,0.6091954022988505,-5.312464297954987,-6.829150579150579,-100.0,0.0,0.0
Moldova,4000.0,5000.0,7000.0,11000.0,4000.0,5000.0,5500.0,5000.0,5000.0,5600.0,3700.0,4300.0,5260.0,5960.0,6406.0,0.0,0.0,0.0,82726.0,4595.888888888889,25.0,40.0,57.14285714285714,-63.63636363636363,25.0,10.0,-9.090909090909092,0.0,12.0,-33.92857142857143,16.216216216216218,22.325581395348838,13.307984790874524,7.483221476510067,-100.0,0.0,0.0
Mongolia,500.0,500.0,1000.0,3000.0,3000.0,3000.0,3000.0,2000.0,1500.0,1100.0,700.0,1300.0,5260.0,5960.0,2970.0,0.0,0.0,0.0,34790.0,1932.7777777777778,0.0,100.0,200.0,0.0,0.0,0.0,-33.33333333333333,-25.0,-26.666666666666668,-36.36363636363637,85.71428571428571,304.6153846153846,13.307984790874524,-50.167785234899334,-100.0,0.0,0.0
N. Caledonia,7397.0,7251.0,7717.0,7853.0,7246.0,7354.0,7525.0,7250.0,6272.0,6469.0,6068.0,5662.0,5921.0,5571.0,5818.0,0.0,0.0,0.0,101374.0,5631.888888888889,-1.973773151277545,6.426699765549579,1.762342879357263,-7.729530115879283,1.4904775048302512,2.3252651618166986,-3.6544850498338874,-13.489655172413793,3.1409438775510203,-6.198794249497603,-6.690837178642056,4.574355351465913,-5.911163654788043,4.433674385209119,-100.0,0.0,0.0
Nepal,1000.0,1000.0,2000.0,1500.0,2000.0,1000.0,3000.0,3600.0,3500.0,5300.0,4000.0,6400.0,7445.0,6759.0,7505.0,0.0,0.0,0.0,56009.0,3111.6111111111113,0.0,100.0,-25.0,33.33333333333333,-50.0,200.0,20.0,-2.7777777777777777,51.42857142857142,-24.528301886792452,60.0,16.328125,-9.214237743451982,11.037135670957241,-100.0,0.0,0.0
Nicaragua,3000.0,6000.0,6000.0,6000.0,4000.0,3000.0,3000.0,3000.0,4000.0,5200.0,4800.0,5400.0,7699.0,9567.0,1296.0,0.0,0.0,0.0,71962.0,3997.8888888888887,100.0,0.0,0.0,-33.33333333333333,-25.0,0.0,0.0,33.33333333333333,30.0,-7.6923076923076925,12.5,42.574074074074076,24.262891284582413,-86.45343367826905,-100.0,0.0,0.0
Nigeria,16000.0,22000.0,7000.0,7000.0,34000.0,25000.0,30000.0,40000.0,40000.0,42000.0,15600.0,19200.0,4700.0,8550.0,5100.0,0.0,0.0,0.0,316150.0,17563.88888888889,37.5,-68.18181818181817,0.0,385.7142857142857,-26.47058823529412,20.0,33.33333333333333,0.0,5.0,-62.857142857142854,23.076923076923077,-75.52083333333334,81.91489361702128,-40.35087719298245,-100.0,0.0,0.0
North Macedonia,9300.0,10000.0,10200.0,10500.0,6000.0,8500.0,8500.0,5000.0,2000.0,2700.0,3200.0,3800.0,3273.0,3885.0,4060.0,0.0,0.0,0.0,90918.0,5051.0,7.526881720430108,2.0,2.941176470588235,-42.857142857142854,41.66666666666667,0.0,-41.17647058823529,-60.0,35.0,18.51851851851852,18.75,-13.86842105263158,18.698441796516956,4.504504504504505,-100.0,0.0,0.0
Oman,147500.0,144700.0,146300.0,145000.0,105000.0,115000.0,115000.0,130000.0,140000.0,138600.0,121100.0,115700.0,63789.0,49777.0,49924.0,0.0,0.0,0.0,1727390.0,95966.11111111111,-1.8983050847457625,1.10573600552868,-0.888585099111415,-27.586206896551722,9.523809523809524,0.0,13.043478260869565,7.6923076923076925,-1.0,-12.626262626262626,-4.459124690338563,-44.866897147796024,-21.966169715781717,0.2953171143299114,-100.0,0.0,0.0
Palestine,13500.0,15700.0,16400.0,18400.0,13400.0,17400.0,19700.0,21600.0,21100.0,21100.0,21100.0,21100.0,496.0,146.0,109.0,0.0,0.0,0.0,221251.0,12291.722222222223,16.296296296296298,4.45859872611465,12.195121951219512,-27.173913043478258,29.850746268656714,13.218390804597702,9.644670050761421,-2.314814814814815,0.0,0.0,0.0,-97.64928909952607,-70.56451612903226,-25.34246575342466,-100.0,0.0,0.0
Panama,10000.0,15000.0,22000.0,30000.0,25000.0,30000.0,35000.0,40000.0,39800.0,43000.0,46700.0,46200.0,44009.0,36401.0,39049.0,0.0,0.0,0.0,502159.0,27897.722222222223,50.0,46.666666666666664,36.36363636363637,-16.666666666666664,20.0,16.666666666666664,14.285714285714285,-0.5,8.040201005025125,8.604651162790699,-1.070663811563169,-4.742424242424242,-17.28737303733327,7.274525425125683,-100.0,0.0,0.0
Paraguay,3000.0,5000.0,6000.0,12000.0,7000.0,11000.0,20000.0,20000.0,19900.0,21500.0,18700.0,16000.0,18848.0,25204.0,20599.0,0.0,0.0,0.0,224751.0,12486.166666666666,66.66666666666666,20.0,100.0,-41.66666666666667,57.14285714285714,81.81818181818183,0.0,-0.5,8.040201005025125,-13.023255813953488,-14.43850267379679,17.8,33.722410865874366,-18.270909379463575,-100.0,0.0,0.0
Puerto Rico,96000.0,85000.0,92000.0,65000.0,65000.0,45000.0,55000.0,55000.0,54700.0,58500.0,49000.0,66500.0,84470.0,73080.0,82607.0,0.0,85486.0,0.0,1112343.0,61796.833333333336,-11.458333333333332,8.235294117647058,-29.347826086956523,0.0,-30.76923076923077,22.22222222222222,0.0,-0.5454545454545455,6.946983546617916,-16.23931623931624,35.714285714285715,27.022556390977442,-13.484077187167042,13.03639846743295,-100.0,8548600.0,-100.0
Qatar,61100.0,59900.0,60500.0,60000.0,40000.0,40000.0,45000.0,60000.0,65000.0,71500.0,69200.0,50200.0,41176.0,38816.0,39679.0,0.0,0.0,0.0,802071.0,44559.5,-1.9639934533551555,1.001669449081803,-0.8264462809917356,-33.33333333333333,0.0,12.5,33.33333333333333,8.333333333333332,10.0,-3.2167832167832167,-27.45664739884393,-17.97609561752988,-5.731494074217991,2.223309975267931,-100.0,0.0,0.0
R. Of Congo,200.0,200.0,200.0,500.0,1500.0,1500.0,1500.0,1500.0,1500.0,1500.0,1600.0,0.0,0.0,0.0,0.0,0.0,0.0,0.0,11700.0,650.0,0.0,0.0,150.0,200.0,0.0,0.0,0.0,0.0,0.0,6.666666666666667,-100.0,0.0,0.0,0.0,0.0,0.0,0.0
Senegal,3000.0,3000.0,3000.0,3000.0,4000.0,4000.0,3500.0,4000.0,4000.0,4500.0,3700.0,4400.0,3773.0,3558.0,3320.0,0.0,0.0,0.0,54751.0,3041.722222222222,0.0,0.0,0.0,33.33333333333333,0.0,-12.5,14.285714285714285,0.0,12.5,-17.77777777777778,18.91891891891892,-14.249999999999998,-5.6983832494036575,-6.689151208544127,-100.0,0.0,0.0
Serbia,21603.0,25610.0,32772.0,36177.0,30000.0,28951.0,22181.0,22800.0,23000.0,23900.0,21700.0,23300.0,22090.0,24006.0,25514.0,0.0,0.0,0.0,383604.0,21311.333333333332,18.54834976623617,27.965638422491214,10.389967045038448,-17.07438427730326,-3.4966666666666666,-23.384339055645746,2.79067670528831,0.8771929824561403,3.91304347826087,-9.205020920502092,7.373271889400922,-5.193133047210301,8.673607967406067,6.281762892610181,-100.0,0.0,0.0
Singapore,109167.0,116849.0,110814.0,100979.0,73183.0,47273.0,33493.0,32724.0,27955.0,32807.0,61512.0,91096.0,94692.0,81625.0,76476.0,0.0,0.0,0.0,1090645.0,60591.38888888889,7.036925078091365,-5.16478532122654,-8.875232371361019,-27.526515414095996,-35.40439719607013,-29.1498318278933,-2.296002149702923,-14.573401784622908,17.356465748524414,87.49657085378121,48.09468071270646,3.9474839729516114,-13.799476196510794,-6.3081163859111795,-100.0,0.0,0.0
Slovenia,59324.0,59578.0,68719.0,71575.0,57967.0,61142.0,60193.0,50091.0,52268.0,53296.0,59450.0,63674.0,62522.0,65115.0,70904.0,0.0,0.0,0.0,915818.0,50878.77777777778,0.42815723821724766,15.342911813085367,4.156055821534074,-19.012224938875306,5.477254299860265,-1.5521245624938669,-16.782682371704354,4.3460901159889005,1.966786561567307,11.546832782948064,7.1051303616484445,-1.8092156924333322,4.147340136272032,8.890424633341013,-100.0,0.0,0.0
Sri Lanka,2600.0,2800.0,2900.0,3000.0,3000.0,2000.0,7000.0,8000.0,10000.0,13800.0,12500.0,26300.0,11796.0,10981.0,8100.0,0.0,0.0,0.0,124777.0,6932.055555555556,7.6923076923076925,3.571428571428571,3.4482758620689653,0.0,-33.33333333333333,250.0,14.285714285714285,25.0,38.0,-9.420289855072465,110.4,-55.14828897338403,-6.909121736181756,-26.236226208906295,-100.0,0.0,0.0
Sudan,2000.0,2000.0,2500.0,3000.0,7000.0,2000.0,2000.0,2000.0,1500.0,1800.0,2200.0,0.0,1450.0,1140.0,996.0,0.0,0.0,0.0,31586.0,1754.7777777777778,0.0,25.0,20.0,133.33333333333331,-71.42857142857143,0.0,0.0,-25.0,20.0,22.22222222222222,-100.0,145000.0,-21.379310344827587,-12.631578947368421,-100.0,0.0,0.0
Syria,32985.0,45467.0,36000.0,42000.0,46000.0,78147.0,33160.0,36300.0,35500.0,33400.0,33400.0,33400.0,4500.0,6996.0,11428.0,0.0,0.0,0.0,508683.0,28260.166666666668,37.841443080187965,-20.821694855609564,16.666666666666664,9.523809523809524,69.88478260869564,-57.56714909081603,9.469240048250905,-2.203856749311295,-5.915492957746479,0.0,0.0,-86.52694610778443,55.46666666666666,63.350485991995434,-100.0,0.0,0.0
Tajikistan,5300.0,5700.0,5800.0,6000.0,7000.0,6500.0,7500.0,6000.0,6000.0,6100.0,6100.0,1900.0,2000.0,2200.0,2200.0,0.0,0.0,0.0,76300.0,4238.888888888889,7.547169811320755,1.7543859649122806,3.4482758620689653,16.666666666666664,-7.142857142857142,15.384615384615385,-20.0,0.0,1.6666666666666667,0.0,-68.85245901639344,5.263157894736842,10.0,0.0,-100.0,0.0,0.0
Tanzania,2000.0,2000.0,2000.0,2000.0,2000.0,2000.0,3000.0,3000.0,3500.0,1000.0,2600.0,2300.0,938.0,998.0,675.0,0.0,0.0,0.0,30011.0,1667.2777777777778,0.0,0.0,0.0,0.0,0.0,50.0,0.0,16.666666666666664,-71.42857142857143,160.0,-11.538461538461538,-59.21739130434782,6.396588486140725,-32.364729458917836,-100.0,0.0,0.0
Tr.&Tobago,10000.0,10000.0,5000.0,10000.0,10000.0,10000.0,10000.0,8000.0,8000.0,6300.0,10500.0,13900.0,9840.0,9712.0,10707.0,0.0,0.0,0.0,141959.0,7886.611111111111,0.0,-50.0,100.0,0.0,0.0,0.0,-20.0,0.0,-21.25,66.66666666666666,32.38095238095238,-29.208633093525183,-1.3008130081300813,10.24505766062603,-100.0,0.0,0.0
Tunisia,25000.0,30000.0,30000.0,33000.0,35000.0,45000.0,35000.0,37000.0,35000.0,37100.0,36100.0,36400.0,45886.0,35343.0,34387.0,0.0,0.0,0.0,530216.0,29456.444444444445,20.0,0.0,10.0,6.0606060606060606,28.57142857142857,-22.22222222222222,5.714285714285714,-5.405405405405405,6.0,-2.6954177897574128,0.8310249307479225,26.06043956043956,-22.976506995597788,-2.7049203519791756,-100.0,0.0,0.0
Turkmenistan,3900.0,4200.0,4300.0,4500.0,4500.0,4500.0,5000.0,4500.0,4500.0,4600.0,4600.0,4500.0,4800.0,5100.0,5225.0,0.0,0.0,0.0,68725.0,3818.0555555555557,7.6923076923076925,2.380952380952381,4.651162790697675,0.0,0.0,11.11111111111111,-10.0,0.0,2.2222222222222223,0.0,-2.1739130434782608,6.666666666666667,6.25,2.450980392156863,-100.0,0.0,0.0
Uganda,3000.0,3500.0,3000.0,3000.0,3000.0,3000.0,3000.0,3000.0,3000.0,3000.0,2200.0,2900.0,721.0,770.0,832.0,0.0,0.0,0.0,37923.0,2106.8333333333335,16.666666666666664,-14.285714285714285,0.0,0.0,0.0,0.0,0.0,0.0,0.0,-26.666666666666668,31.818181818181817,-75.13793103448276,6.796116504854369,8.051948051948052,-100.0,0.0,0.0
Uruguay,10000.0,10000.0,12000.0,15000.0,30000.0,40000.0,38308.0,38109.0,41785.0,40171.0,39472.0,35924.0,41549.0,34377.0,30063.0,0.0,0.0,0.0,456758.0,25375.444444444445,0.0,20.0,25.0,100.0,33.33333333333333,-4.2299999999999995,-0.5194737391667537,9.646015376945078,-3.86263013042958,-1.7400612382066667,-8.988650182407783,15.65805589577998,-17.26154660761992,-12.549088053058732,-100.0,0.0,0.0
Venezuela,128601.0,184108.0,267932.0,135882.0,67047.0,68210.0,65339.0,60776.0,43887.0,10400.0,7700.0,3200.0,2500.0,1159.0,3000.0,0.0,0.0,0.0,1049741.0,58318.944444444445,43.16218380883508,45.52979772742086,-49.28489318185211,-50.657923786815026,1.7346040837024772,-4.209060255094561,-6.983577954973293,-27.7889298407266,-76.30277758789619,-25.961538461538463,-58.44155844155844,-21.875,-53.64,158.84383088869717,-100.0,0.0,0.0
Yemen,4000.0,4700.0,4800.0,5000.0,5000.0,2000.0,2000.0,2000.0,2000.0,2500.0,2300.0,1100.0,828.0,552.0,552.0,0.0,0.0,0.0,39332.0,2185.1111111111113,17.5,2.127659574468085,4.166666666666666,0.0,-60.0,0.0,0.0,0.0,25.0,-8.0,-52.17391304347826,-24.727272727272727,-33.33333333333333,0.0,-100.0,0.0,0.0
Zambia,2300.0,2700.0,2800.0,2600.0,3000.0,2000.0,2000.0,2000.0,2000.0,2000.0,1700.0,2300.0,848.0,1118.0,1094.0,0.0,0.0,0.0,30460.0,1692.2222222222222,17.391304347826086,3.7037037037037033,-7.142857142857142,15.384615384615385,-33.33333333333333,0.0,0.0,0.0,0.0,-15.0,35.294117647058826,-63.13043478260869,31.839622641509436,-2.146690518783542,-100.0,0.0,0.0
Zimbabwe,7000.0,6000.0,3000.0,3000.0,3000.0,2000.0,3000.0,3000.0,3000.0,4100.0,1500.0,1300.0,1094.0,906.0,532.0,0.0,0.0,0.0,42432.0,2357.3333333333335,-14.285714285714285,-50.0,0.0,0.0,-33.33333333333333,50.0,0.0,0.0,36.666666666666664,-63.41463414634146,-13.333333333333334,-15.846153846153847,-17.184643510054844,-41.280353200883,-100.0,0.0,0.0
